Emotion,Text,
Neutral, pequeno tapete irregular ótimo preenchimento de espuma é fácil de usar não escorrega usando meias problema principal tapete de camada externa irregular botões de plástico porque perde o pé tapete bagunça combos também parece não escolher etapas às vezes ainda parece quebrar muito melhor opinião de almofadas planas cheiro de plástico extremamente forte ao abrir o produtoleia a resenha completa,
Positivo, ótimo pad, amo ddr, não quero pad de metal, funciona muito bem, stepmania,
Positivo, excelente pad ótimo produto altamente responsivo não escorrega sem problemas o desempenho parece que vai durar muito tempo chegou muito rapidamente,
Positivo, ótimo ddr pad funciona perfeitamente pc stepmania,
Positivo, amo esperando deslizamento não muito feliz dia 1 tudo funciona bem,
Positivo, preço de boa qualidade, preço de boa qualidade, dia das crianças,
Jogo negativo e terrível não perca tempo lol,
Negativo, história ruim não vale 60,
Negativo, Compra verificada e ruim não,
Neutro, como as primeiras horas de destino jogando o destino não parece muita diferença no primeiro jogo ainda toneladas de agricultura toneladas jogando não vejo muita diferença honesto disse o nível 20 imgonna sell gameread full review,
Neutro, o jogo de reskin do destino 1 não é ruim, boa história de trabalho, tudo parece que estou jogando o destino 1 dlc que não vale 60 dólares, um jogo decente no geral,
Negativo, nenhum bom playstation fica piscando desligado, estou um pouco chateado, gastei todos os problemas dinheiro,
Negativo, não funcionou, comprei o ps4 ficou parado até dar ao filho a emoção do aniversário não funcionou a luz azul ficou,
Neutro, obturador barulhento baixo ruído altos valores iso encontrados sony a7 obturador muito barulhento perdido unidade de flash não retrátil mesmo usando 6 lentes carl zeiss diferentes tentando câmera nunca experimentou imagens dramáticas esperadas full frame corpo da câmera 24mp aspectos atraentes menu fácil da câmera baixo peso comparado slr aceitável muito alto valores iso leia a revisão completa,
